{
  "lang":"en",
  "name":"pipeline",
  "version":"0.0.0",
  "spacy_version":">=3.7.5,<3.8.0",
  "description":"",
  "author":"",
  "email":"",
  "url":"",
  "license":"",
  "spacy_git_version":"a6d0fc360",
  "vectors":{
    "width":0,
    "vectors":0,
    "keys":0,
    "name":null,
    "mode":"default"
  },
  "labels":{
    "tok2vec":[

    ],
    "ner":[
      "AGE",
      "BP",
      "DISEASE",
      "DOSAGE",
      "FOLLOWUP",
      "GENDER",
      "HISTORY",
      "MEDICINE",
      "SYMPTOMS",
      "WEIGHT"
    ]
  },
  "pipeline":[
    "tok2vec",
    "ner"
  ],
  "components":[
    "tok2vec",
    "ner"
  ],
  "disabled":[

  ],
  "performance":{
    "ents_f":0.6781456954,
    "ents_p":0.6305418719,
    "ents_r":0.7335243553,
    "ents_per_type":{
      "SYMPTOMS":{
        "p":0.5185185185,
        "r":0.7466666667,
        "f":0.6120218579
      },
      "AGE":{
        "p":0.9268292683,
        "r":0.95,
        "f":0.9382716049
      },
      "GENDER":{
        "p":0.9756097561,
        "r":0.9756097561,
        "f":0.9756097561
      },
      "MEDICINE":{
        "p":0.625,
        "r":0.78125,
        "f":0.6944444444
      },
      "WEIGHT":{
        "p":0.9285714286,
        "r":0.9285714286,
        "f":0.9285714286
      },
      "BP":{
        "p":0.7142857143,
        "r":0.7142857143,
        "f":0.7142857143
      },
      "DISEASE":{
        "p":0.4,
        "r":0.4375,
        "f":0.4179104478
      },
      "FOLLOWUP":{
        "p":0.5185185185,
        "r":0.6363636364,
        "f":0.5714285714
      },
      "HISTORY":{
        "p":0.2631578947,
        "r":0.3125,
        "f":0.2857142857
      },
      "DOSAGE":{
        "p":0.65,
        "r":0.6842105263,
        "f":0.6666666667
      }
    },
    "tok2vec_loss":1032.5263436017,
    "ner_loss":10222.1637201244
  }
}