{
  "lang":"en",
  "name":"pipeline",
  "version":"0.0.0",
  "spacy_version":">=3.7.4,<3.8.0",
  "description":"",
  "author":"",
  "email":"",
  "url":"",
  "license":"",
  "spacy_git_version":"bff8725f4",
  "vectors":{
    "width":0,
    "vectors":0,
    "keys":0,
    "name":null,
    "mode":"default"
  },
  "labels":{
    "tok2vec":[

    ],
    "ner":[
      "AGE",
      "BP",
      "DISEASE",
      "DOSAGE",
      "FOLLOWUP",
      "GENDER",
      "HISTORY",
      "MEDICINE",
      "SYMPTOMS",
      "WEIGHT"
    ]
  },
  "pipeline":[
    "tok2vec",
    "ner"
  ],
  "components":[
    "tok2vec",
    "ner"
  ],
  "disabled":[

  ],
  "performance":{
    "ents_f":0.6925,
    "ents_p":0.6839506173,
    "ents_r":0.7012658228,
    "ents_per_type":{
      "AGE":{
        "p":1.0,
        "r":0.98,
        "f":0.9898989899
      },
      "GENDER":{
        "p":0.875,
        "r":0.8936170213,
        "f":0.8842105263
      },
      "SYMPTOMS":{
        "p":0.5494505495,
        "r":0.6024096386,
        "f":0.5747126437
      },
      "WEIGHT":{
        "p":0.9459459459,
        "r":0.9210526316,
        "f":0.9333333333
      },
      "BP":{
        "p":0.7714285714,
        "r":0.8181818182,
        "f":0.7941176471
      },
      "DISEASE":{
        "p":0.3243243243,
        "r":0.2926829268,
        "f":0.3076923077
      },
      "HISTORY":{
        "p":0.48,
        "r":0.5454545455,
        "f":0.5106382979
      },
      "MEDICINE":{
        "p":0.7058823529,
        "r":0.7741935484,
        "f":0.7384615385
      },
      "DOSAGE":{
        "p":0.4583333333,
        "r":0.4230769231,
        "f":0.44
      },
      "FOLLOWUP":{
        "p":0.6,
        "r":0.625,
        "f":0.612244898
      }
    },
    "tok2vec_loss":856.6349150029,
    "ner_loss":2946.4667156228
  }
}