{
  "lang":"en",
  "name":"pipeline",
  "version":"0.0.0",
  "spacy_version":">=3.7.5,<3.8.0",
  "description":"",
  "author":"",
  "email":"",
  "url":"",
  "license":"",
  "spacy_git_version":"a6d0fc360",
  "vectors":{
    "width":0,
    "vectors":0,
    "keys":0,
    "name":null,
    "mode":"default"
  },
  "labels":{
    "tok2vec":[

    ],
    "ner":[
      "AGE",
      "BP",
      "DISEASE",
      "DOSAGE",
      "FOLLOWUP",
      "GENDER",
      "HISTORY",
      "MEDICINE",
      "SYMPTOMS",
      "WEIGHT"
    ]
  },
  "pipeline":[
    "tok2vec",
    "ner"
  ],
  "components":[
    "tok2vec",
    "ner"
  ],
  "disabled":[

  ],
  "performance":{
    "ents_f":0.6614173228,
    "ents_p":0.6101694915,
    "ents_r":0.7220630372,
    "ents_per_type":{
      "SYMPTOMS":{
        "p":0.5137614679,
        "r":0.7466666667,
        "f":0.6086956522
      },
      "AGE":{
        "p":0.9268292683,
        "r":0.95,
        "f":0.9382716049
      },
      "GENDER":{
        "p":0.9523809524,
        "r":0.9756097561,
        "f":0.9638554217
      },
      "MEDICINE":{
        "p":0.6,
        "r":0.75,
        "f":0.6666666667
      },
      "WEIGHT":{
        "p":0.9285714286,
        "r":0.9285714286,
        "f":0.9285714286
      },
      "BP":{
        "p":0.7142857143,
        "r":0.7142857143,
        "f":0.7142857143
      },
      "DISEASE":{
        "p":0.3421052632,
        "r":0.40625,
        "f":0.3714285714
      },
      "FOLLOWUP":{
        "p":0.3793103448,
        "r":0.5,
        "f":0.431372549
      },
      "HISTORY":{
        "p":0.2894736842,
        "r":0.34375,
        "f":0.3142857143
      },
      "DOSAGE":{
        "p":0.65,
        "r":0.6842105263,
        "f":0.6666666667
      }
    },
    "tok2vec_loss":1447.8381298991,
    "ner_loss":10143.0096971036
  }
}